job_idx,n_nodes,n_obs,mean_temp,mean_power
002025,32,25856,45.74466274752475,185.53647841252837
005545,1,792,53.80681818181818,371.87263189251826
006100,1,968,39.21900826446281,86.85370221471318
008283,2,96,45.104166666666664,192.37003566066065
008952,5,3880,41.81778350515464,134.90953894616266
010799,3,2712,60.27839233038348,459.31750183456296
011335,2,1936,46.30940082644628,209.3978772061634
014220,20,17440,47.12448394495413,240.7969296930134
016023,1,568,41.38732394366197,114.39365998249384
017805,640,25530,40.289659224441834,100.05678333312275
018082,4,288,41.270833333333336,118.1099332788671
018793,8,7744,42.717587809917354,161.31153094681997
020478,3,2376,51.22348484848485,274.21485011404366
020734,5,680,41.311764705882354,123.80600173562247
025471,64,22528,39.29412286931818,88.30015222886028
027032,8,2688,39.98251488095238,89.36088625245296
027213,3,2904,38.47348484848485,86.97694253808687
028714,30,28800,55.42638888888889,374.23435763888887
029120,8,192,50.0625,389.3074652777778
032922,1,112,42.205357142857146,124.03869047619048
033969,1,728,38.9271978021978,89.1342796092796
040701,1,176,43.36363636363637,95.46645021645021
041923,127,7112,44.4242125984252,155.89773418268368
042452,1,600,44.68666666666667,104.23271256038647
044646,16,14208,44.526182432432435,157.54757796447765
046297,2,1936,58.03977272727273,447.2115923848878
047849,20,16960,43.53077830188679,94.43674331761007
052347,1,32,40.625,84.81240942028985
059551,1,32,43.5625,149.71851851851852
062116,12,2784,62.53376436781609,421.4501936002338
062783,96,132864,44.99729046242775,197.6247819825787
062900,8,7744,60.3854597107438,490.5630343233257
066145,1,32,38.78125,99.16818181818182
069250,2,48,43.9375,155.33854166666666
070925,8,7744,41.33703512396694,152.12661415289256
073189,180,4320,39.4587962962963,93.02982853223594
073407,95,3040,40.69967105263158,102.86881578947369
073909,115,5508,39.39469862018882,96.49809994240353
074416,8,7744,44.10214359504132,160.73428369548722
075011,2,1088,43.49356617647059,195.57826983065954
076759,1,968,42.22004132231405,137.5573150334514
077021,32,32512,39.08000123031496,87.88384001976775
078240,216,8640,42.60428240740741,157.28281635802472
079556,12,2688,60.371651785714285,423.03185954670323
080712,1,240,48.49583333333333,250.53503623188405
081317,1,40,40.6,85.85757575757576
085369,1,888,41.034909909909906,134.95539674289674
085862,1,184,39.85326086956522,85.77966485507247
086891,1,216,39.53703703703704,85.59417789001121
092232,2,816,54.93872549019608,335.7491709919262
101452,6,1728,42.642361111111114,128.03421154158545
101507,1,728,42.68269230769231,149.95283882783883
101955,40,35520,48.16421734234234,218.59905099392873
102563,1,88,39.78409090909091,96.23601004851004
102628,1,728,50.315934065934066,233.61626784135404
102808,16,2816,39.05823863636363,86.53697916666667
102889,10,8480,39.07441037735849,89.37108768035516
103701,1,248,39.73790322580645,88.42173970713073
104053,384,371712,46.409604747761705,215.43850564287354
104686,6,5808,52.40289256198347,321.42986347431537
106268,16,3968,38.62222782258065,87.95985824448697
107966,6,4896,48.669934640522875,253.8565425557478
108278,1,168,40.232142857142854,91.69724025974025
111501,4,2560,40.345703125,117.07768229166666
112529,16,15488,41.49715909090909,130.94749143649412
113696,32,4096,43.672119140625,172.8279052734375
115832,2,96,42.15625,85.14930555555556
116594,3,744,56.788978494623656,347.1729694429257
119264,1,184,55.29347826086956,332.523667184265
120288,1,968,51.478305785123965,313.43607386038775
122125,18,7200,49.25597222222222,219.8943611111111
122348,1,192,48.4375,215.15426136363635
122640,1,968,54.33987603305785,324.05502754820935
122665,43,7912,42.78981294236603,84.09892939986914
122872,2999,95944,46.020949720670394,182.1161958669295
123244,1,232,43.331896551724135,122.31808510638298
124916,55,40920,53.79745845552297,293.873766865495
126656,64,184320,60.314181857638886,386.62636006098455
127240,192,380928,48.41303605930779,199.91564387678952
129148,20,9760,42.74774590163934,147.04029791929383
130035,1,88,38.30681818181818,83.95340909090909
132794,1,488,48.29303278688525,218.5051912568306
137418,4,768,41.791666666666664,128.52207601371234
137492,4,480,41.391666666666666,126.17282585470086
137745,1,208,39.22596153846154,84.24967948717949
142532,3,216,37.15277777777778,86.46167471819645
142791,1,488,47.09426229508197,217.57342896174862
144636,1,672,58.151785714285715,406.85136488735276
145656,1,88,39.64772727272727,110.18527183600713
145806,3,2904,38.94318181818182,85.76759641873278
146642,2,176,45.21590909090909,158.11062327823691
146934,15,13320,46.25142642642643,224.99078368986835
148212,1,968,39.92355371900826,109.29586776859503
149453,1,296,38.8277027027027,83.41628330458119
150157,1,376,37.4813829787234,89.4072642886942
