rack,n,mean,std,p25,p75,max
2400,26,1.269696029776675,1.6006666173276383,0.6794354838709677,2.0796370967741935,4.020161290322581
2111,26,1.1802109181141438,0.7824773297879716,0.8377016129032259,1.6441532258064515,2.717741935483871
2110,26,1.1524503722084367,1.6199981128309757,0.18245967741935484,1.745967741935484,6.548387096774194
2109,26,1.0679280397022333,1.1206019897085804,0.49092741935483875,2.2076612903225805,3.0201612903225805
2100,26,0.9488213399503723,1.1148596462053924,0.20161290322580644,1.7056451612903225,3.2056451612903225
2202,26,0.9475806451612903,1.0570252074960171,0.42338709677419356,1.8518145161290323,3.028225806451613
2200,26,0.8560024813895782,1.4871899838376048,-0.10685483870967742,1.684475806451613,3.463709677419355
2101,26,0.8067617866004964,1.049942347084845,-0.12701612903225806,1.5211693548387095,3.0403225806451615
2206,26,0.6848635235732009,1.2284334606765208,-0.3245967741935484,1.6159274193548385,3.463709677419355
2511,26,0.6414392059553351,1.0883511494943987,0.12298387096774194,1.3256048387096775,2.600806451612903
2211,26,0.6404230769230771,1.1061868734094549,-0.17137096774193547,1.1391129032258065,4.129032258064516
2201,26,0.6242245657568238,0.8808489803358172,0.023185483870967742,1.4193548387096775,2.193548387096774
2401,26,0.5904454094292804,1.0006234877135014,0.1935483870967742,1.4576612903225805,2.1653225806451615
2102,26,0.5771848635235733,1.3476054849796966,0.018596774193549225,1.530241935483871,2.9879032258064515
2310,26,0.5665322580645161,0.9198698684715988,0.14516129032258063,1.0806451612903225,2.8951612903225805
2203,26,0.5327903225806451,1.3705191606841143,-0.13274193548387098,1.2720725806451614,4.790322580645161
2301,26,0.5322580645161291,1.5457092098769543,-0.7459677419354839,1.060483870967742,4.935483870967742
2311,26,0.5144230769230769,1.1160924226450495,-0.18951612903225806,1.2399193548387097,3.0403225806451615
2208,26,0.48534367245657567,1.1817198753527547,-0.17338709677419356,1.0403225806451613,3.3669354838709675
2403,26,0.48451985111662527,1.0767917625241707,-0.23487903225806453,1.1995967741935485,2.536290322580645
2402,26,0.4281439205955335,0.8738668997740855,-0.16330645161290322,0.780241935483871,2.3548387096774195
2503,26,0.3945409429280397,0.7636902544688335,-0.24899193548387097,0.8840725806451613,2.314516129032258
2309,26,0.38492555831265507,1.003937507363116,-0.3155241935483871,0.9818548387096775,2.6693548387096775
2104,26,0.3405707196029777,1.1705606856966382,-0.5967741935483871,1.0070564516129032,3.060483870967742
2300,26,0.3383995037220843,1.2508877820717046,-0.6673387096774194,0.997983870967742,2.6048387096774195
2210,26,0.3084677419354839,1.152109910146264,-0.7076612903225806,1.068548387096774,2.399193548387097
2507,26,0.27293052109181143,1.0913018405537624,-0.631483870967742,0.935483870967742,2.088709677419355
2103,26,0.24594789081885854,0.9966001674194482,-0.7116935483870968,0.7439516129032258,2.096774193548387
2106,26,0.23790322580645162,1.001421985856364,-0.5393145161290323,0.9506048387096775,2.3548387096774195
2404,26,0.22508808933002483,1.0337386133813737,-0.2711693548387097,0.6048387096774194,3.1451612903225805
2506,26,0.22239454094292802,0.9700608589770369,-0.15423387096774194,0.9002016129032258,2.129032258064516
2500,26,0.1884305210918114,1.2248471191379542,-0.6441532258064516,0.6975806451612904,3.471774193548387
2408,26,0.17695409429280395,1.0030159559869722,-0.5524193548387097,0.8205645161290323,1.8225806451612903
2405,26,0.171060794044665,1.0542553957585952,-0.5524193548387097,0.8891129032258064,2.3346774193548385
2302,26,0.16004962779156326,0.6763728179826471,-0.3790322580645161,0.6199596774193548,1.971774193548387
2508,26,0.1495347394540943,0.8194463584738619,-0.2096774193548387,0.5514112903225806,1.8548387096774193
2107,26,0.10394416873449132,1.0725263065957267,-0.560483870967742,0.8084677419354839,2.254032258064516
2411,26,0.09320719602977669,0.7987799024927146,-0.5725806451612904,0.5120967741935484,1.685483870967742
2406,26,0.062034739454094295,0.9197502523484019,-0.3588709677419355,0.48286290322580644,1.8266129032258065
2510,26,0.0612940446650124,0.8780585019976976,-0.4576612903225806,0.7600806451612903,1.2096774193548387
2108,26,0.0576923076923077,1.0926629356223694,-0.7247983870967742,0.7711693548387096,3.274193548387097
2501,26,0.03892679900744418,1.1215923893791502,-0.42741935483870963,0.7752016129032258,1.9879032258064515
2502,26,0.02450372208436724,1.1252944597161216,-0.7026209677419355,0.8487903225806451,2.004032258064516
2410,26,0.017214640198511162,0.9424135425808218,-0.4435483870967742,0.653225806451613,2.4556451612903225
2204,26,0.01178660049627792,1.0917942701112782,-0.6602822580645161,0.47177419354838707,3.9233870967741935
2007,26,0.007133995037220837,0.9967456852669164,-0.533266129032258,0.7389112903225806,2.1169354838709675
2306,26,-0.03649627791563275,1.0951121202540492,-0.7570564516129032,0.5272177419354839,2.30658064516129
2207,26,-0.141439205955335,0.9301802684349956,-0.5907258064516129,0.39314516129032256,1.9314516129032258
2011,26,-0.14748759305210918,0.9372086249089356,-0.935483870967742,0.4949596774193548,1.4637096774193548
2505,26,-0.15911910669975188,0.5944366061508073,-0.5816532258064516,0.2066532258064516,1.278225806451613
2006,26,-0.1734652605459057,1.0635466223697267,-0.9475806451612904,0.5191532258064516,2.375
2205,26,-0.20416749379652605,0.8353957860662521,-0.7953629032258065,0.16431451612903225,1.5718387096774193
2409,26,-0.20757692307692294,0.811109148362853,-0.6028225806451613,0.2066532258064516,1.7580645161290323
2407,26,-0.2251861042183623,1.0148658894421418,-0.7580645161290323,0.498991935483871,1.8870967741935485
2105,26,-0.24643300248138958,0.9581237945459752,-0.997983870967742,0.16834677419354838,1.9838709677419355
2209,26,-0.27962158808933,0.9435807426956488,-1.0090725806451613,0.373991935483871,1.3669354838709677
2504,26,-0.3216501240694789,0.8709657315480889,-0.8578629032258065,0.36088709677419356,1.5564516129032258
2308,26,-0.35871588089330025,0.8980645166860971,-0.8125,0.20463709677419356,1.5080645161290323
2005,26,-0.3694168734491315,0.9699109274753286,-1.0040322580645162,0.125,2.463709677419355
2307,26,-0.3996588089330025,0.826850341133457,-0.841733870967742,-0.06451612903225806,1.842741935483871
2008,26,-0.40431141439205953,0.9948400679436068,-0.9122983870967742,0.21068548387096775,1.814516129032258
2609,26,-0.47897146401985113,0.7524984692674795,-0.9395161290322581,-0.23387096774193547,1.3830645161290323
2304,26,-0.48030397022332505,1.0724632041714106,-1.2610887096774195,-0.15120967741935484,1.9153225806451613
2009,26,-0.6090161290322581,0.852733205261082,-1.2066532258064517,-0.14717741935483872,1.125
2509,26,-0.6169764267990074,0.8893583031304955,-1.2389112903225807,-0.016129032258064516,0.967741935483871
2002,26,-0.623604218362283,0.7660322029707063,-1.159274193548387,-0.11290322580645161,0.8911290322580645
2610,26,-0.652605459057072,0.9247301068049216,-1.2540322580645162,0.3377016129032258,0.7782258064516129
2004,26,-0.6552419354838709,0.9605297448485465,-1.2358870967741935,-0.1814516129032258,1.1370967741935485
2303,26,-0.6668734491315137,1.220931561297081,-1.4546370967741935,-0.18548387096774194,3.9596774193548385
2003,26,-0.7926588089330024,1.0011759072962734,-1.532258064516129,-0.21068548387096775,1.3588709677419355
2010,26,-0.8005583126550869,1.1183313339008862,-1.4243951612903225,-0.17641129032258063,1.1330645161290323
2000,26,-0.8776364764267991,1.062486421721215,-1.526209677419355,-0.3780241935483871,1.6209677419354838
2001,26,-0.9421526054590571,1.1823597975349394,-1.625,0.04032258064516129,0.657258064516129
2602,26,-2.729683622828784,1.1233517702624858,-3.617943548387097,-2.067540322580645,-0.31048387096774194
2601,26,-2.8954317617866008,0.976475781027119,-3.882056451612903,-2.2399193548387095,-0.9637096774193549
2600,26,-4.1640818858560795,0.8985910532012324,-4.574596774193549,-4.069556451612903,-1.9193548387096775
